id,first_name,last_name,email,gender,credit-card,credit-card-no
1,Stacee,Halton,shalton0@ustream.tv,Female,diners-club-carte-blanche,30089072671032
2,Northrup,Antoniewicz,nantoniewicz1@webeden.co.uk,Male,diners-club-us-ca,5598025195294370
3,Maribel,Beames,mbeames2@phpbb.com,Female,instapayment,6396213027752714
4,Camille,Gajownik,cgajownik3@ow.ly,Female,jcb,3581133646711796
5,Rolando,Chasney,rchasney4@flavors.me,Male,diners-club-enroute,201511032159447
6,Terrence,Ethersey,tethersey5@php.net,Male,mastercard,5002358045806477
7,Ted,Youdell,tyoudell6@google.co.uk,Female,jcb,3530372316152780
8,Kayley,Henderson,khenderson7@uol.com.br,Female,jcb,3537726683924803
9,Keslie,Dory,kdory8@flickr.com,Female,instapayment,6389026201753277
10,Terence,Oller,toller9@homestead.com,Male,instapayment,6382312920728841
11,Leah,Gobbett,lgobbetta@microsoft.com,Agender,maestro,67627134531854072
12,Riva,Grogono,rgrogonob@cbsnews.com,Female,jcb,3537864331473111
13,Chryste,Wilbor,cwilborc@bizjournals.com,Female,switch,633110402997026730
14,Diarmid,Kingsbury,dkingsburyd@purevolume.com,Male,diners-club-carte-blanche,30179303500512
15,Falito,Canacott,fcanacotte@ebay.co.uk,Male,americanexpress,374622999584294
16,Pooh,Braghini,pbraghinif@webnode.com,Female,diners-club-enroute,201442992320698
17,Ulrike,Daughton,udaughtong@skyrock.com,Female,bankcard,5610240730539387
18,Hewie,Kort,hkorth@odnoklassniki.ru,Male,solo,6334714190370973854
19,Trescha,Rosso,trossoi@dropbox.com,Female,jcb,3554991276966375
20,Carlyn,Seivwright,cseivwrightj@mozilla.com,Female,diners-club-enroute,201426167147184
21,Noam,Conkling,nconklingk@arizona.edu,Male,diners-club-carte-blanche,30423067641025
22,Ellerey,Croxton,ecroxtonl@vistaprint.com,Male,china-unionpay,560221615762981513
23,Natty,McCumesky,nmccumeskym@cmu.edu,Female,bankcard,5602259716211704
24,Natassia,Eustace,neustacen@linkedin.com,Female,jcb,3553728900397093
25,Iorgo,Crossthwaite,icrossthwaiteo@diigo.com,Male,jcb,3547594615030794
26,Cindy,Paulich,cpaulichp@hibu.com,Female,jcb,3540378583879870
27,Brien,Oloshin,boloshinq@nba.com,Male,jcb,3587960528393580
28,Sue,Labb,slabbr@hp.com,Female,jcb,3545487058276994
29,Naoma,Sammars,nsammarss@meetup.com,Female,instapayment,6370294274732104
30,Delly,Henriquet,dhenriquett@alexa.com,Female,jcb,3560381950214858
31,Marcella,Lornsen,mlornsenu@shutterfly.com,Female,laser,63046728977933571
32,Blair,Izod,bizodv@chicagotribune.com,Female,bankcard,5602258353514974
33,Alli,Gilhoolie,agilhooliew@pinterest.com,Female,jcb,3582201442131367
34,Joline,Baines,jbainesx@state.tx.us,Female,jcb,3541754708492303
35,Brandtr,Townend,btownendy@state.tx.us,Male,jcb,3568754354291064
36,Arv,Sulman,asulmanz@cargocollective.com,Male,jcb,3547852587553601
37,Marcellina,Hunnicutt,mhunnicutt10@bizjournals.com,Non-binary,mastercard,5100176961950249
38,Hermon,Gomar,hgomar11@oaic.gov.au,Male,diners-club-enroute,201543088725128
39,Hayley,Petkovic,hpetkovic12@sbwire.com,Genderqueer,mastercard,5249190966279449
40,Bernie,Jankowski,bjankowski13@ihg.com,Female,jcb,3585621862895307
41,Annecorinne,Skiplorne,askiplorne14@mozilla.com,Female,laser,6304789539722830688
42,Hyacinthe,Pachta,hpachta15@prlog.org,Female,bankcard,5610497171072480
43,Ainslee,Figgins,afiggins16@ezinearticles.com,Female,mastercard,5100136606506558
44,Archambault,Brough,abrough17@cbc.ca,Male,jcb,3540740766067591
45,Mitchell,Hamilton,mhamilton18@joomla.org,Male,jcb,3575889790490390
46,Waylen,Shilvock,wshilvock19@accuweather.com,Male,laser,677159264398279501
47,Yalonda,Bennington,ybennington1a@cdc.gov,Bigender,jcb,3545579607803904
48,Alyss,Halwell,ahalwell1b@chicagotribune.com,Female,mastercard,5108756552556968
49,Rick,Bebb,rbebb1c@amazon.co.uk,Male,bankcard,5602259515702291
50,Elwin,Brigstock,ebrigstock1d@toplist.cz,Male,solo,6767323571691022188
51,Stormy,Eve,seve1e@usda.gov,Female,jcb,3546404241485738
52,Clayborne,Chenery,cchenery1f@tinyurl.com,Male,switch,490569999216719657
53,Carlina,Coxon,ccoxon1g@google.es,Female,bankcard,5610496726963524
54,Elyse,Umpleby,eumpleby1h@globo.com,Female,switch,633110812404281126
55,Ricky,Harhoff,rharhoff1i@harvard.edu,Female,mastercard,5561624511839695
56,Shamus,Huxtable,shuxtable1j@xrea.com,Male,china-unionpay,56108639452190968
57,Niko,Lattos,nlattos1k@google.de,Male,maestro,502062120870263270
58,Corney,Hearnshaw,chearnshaw1l@bloomberg.com,Male,diners-club-enroute,201821862482326
59,Richardo,Odby,rodby1m@shop-pro.jp,Male,switch,4903033897624343
60,Huntington,Dudgeon,hdudgeon1n@cornell.edu,Male,jcb,3569456006858873
61,Caty,Meanwell,cmeanwell1o@marriott.com,Non-binary,jcb,3557254854731068
62,Ninnetta,Bauer,nbauer1p@bandcamp.com,Female,maestro,676125795202407674
63,Mohandis,Dyte,mdyte1q@psu.edu,Male,americanexpress,374288678447698
64,Rickert,Upshall,rupshall1r@ifeng.com,Male,maestro,67625558972700778
65,Faun,Brodhead,fbrodhead1s@wp.com,Female,maestro,67637502086266900
66,Gilberte,Slimme,gslimme1t@mlb.com,Female,jcb,3575692640945443
67,Costanza,Raisher,craisher1u@usgs.gov,Female,diners-club-enroute,201959453170981
68,Angel,Gilbane,agilbane1v@blogspot.com,Male,diners-club-international,36801448355973
69,Alejandro,Sicily,asicily1w@nbcnews.com,Male,jcb,3564734635152453
70,Camala,Rebanks,crebanks1x@goo.gl,Female,jcb,3588298563106057
71,Duky,Janaszewski,djanaszewski1y@weather.com,Male,jcb,3572936520617066
72,Vittoria,Twinbrow,vtwinbrow1z@homestead.com,Female,jcb,3571797191684525
73,Niki,Perrins,nperrins20@acquirethisname.com,Male,maestro,630489269304699643
74,Irma,Phillot,iphillot21@virginia.edu,Female,switch,493623355307139909
75,Austine,Fenning,afenning22@sakura.ne.jp,Female,jcb,3559392865830483
76,Anthea,Dils,adils23@abc.net.au,Female,jcb,3554380752567370
77,Cord,Sollner,csollner24@tumblr.com,Male,jcb,3584174456155127
78,Thekla,Keeping,tkeeping25@t-online.de,Female,maestro,501889046826146157
79,Kristan,Chesnut,kchesnut26@salon.com,Female,jcb,3543521062886315
80,Armin,Hendren,ahendren27@google.pl,Male,switch,493669538244288120
81,Stillman,Boik,sboik28@yolasite.com,Male,americanexpress,345062168622854
82,Sheeree,Robarts,srobarts29@phoca.cz,Female,maestro,6304805408449640806
83,Tybie,Cardinal,tcardinal2a@weibo.com,Female,diners-club-carte-blanche,30438065353043
84,Felicia,Rousel,frousel2b@slashdot.org,Female,mastercard,5100139431197049
85,Mercie,Voysey,mvoysey2c@bloomberg.com,Female,china-unionpay,560223571644029518
86,Edmon,Elizabeth,eelizabeth2d@scribd.com,Male,diners-club-enroute,201752363514921
87,Wadsworth,Gronow,wgronow2e@msn.com,Male,maestro,6304748168672100205
88,Perren,Stidson,pstidson2f@wiley.com,Male,jcb,3562304541729059
89,Jessa,Ullrich,jullrich2g@meetup.com,Female,bankcard,5602210684567015
90,Merrielle,Ongin,mongin2h@dell.com,Female,jcb,3576821042778719
91,Irma,Aaronson,iaaronson2i@seattletimes.com,Female,jcb,3583752420879533
92,Analiese,Falkous,afalkous2j@constantcontact.com,Female,jcb,3555873906282994
93,Dunn,Mendonca,dmendonca2k@mit.edu,Male,diners-club-carte-blanche,30271730520096
94,Bobine,Dyzart,bdyzart2l@youtube.com,Female,jcb,3545068616886357
95,Sidney,Kellet,skellet2m@theglobeandmail.com,Male,jcb,3539362374781522
96,Antonin,Pawden,apawden2n@flavors.me,Male,jcb,3554794715388460
97,Krissie,Enriques,kenriques2o@ezinearticles.com,Female,mastercard,5418620204657514
98,Reeba,Borris,rborris2p@cnet.com,Female,jcb,3564708291624385
99,Quintus,Croft,qcroft2q@tripod.com,Male,jcb,3579231178525081
100,Pablo,Pandie,ppandie2r@oracle.com,Male,jcb,3536839998356149
101,Goldarina,Downgate,gdowngate2s@fda.gov,Genderqueer,jcb,3537469474609974
102,Berkeley,Stubbings,bstubbings2t@delicious.com,Male,jcb,3531771372169191
103,Devin,Aizik,daizik2u@github.com,Male,instapayment,6381694842852762
104,Alli,Fanner,afanner2v@unblog.fr,Female,diners-club-us-ca,5446331187636790
105,Rip,Lawrenceson,rlawrenceson2w@auda.org.au,Male,mastercard,5002354233233657
106,Corinna,Jantot,cjantot2x@tinypic.com,Bigender,jcb,3532292178214718
107,Franz,Golsworthy,fgolsworthy2y@sina.com.cn,Male,maestro,501872155572086316
108,Mercy,Radnedge,mradnedge2z@smugmug.com,Genderqueer,visa-electron,4913881844747577
109,Sybilla,MacGeffen,smacgeffen30@altervista.org,Female,instapayment,6379311424040963
110,Fabian,Toland,ftoland31@fema.gov,Male,mastercard,5100135903254391
111,Myriam,Filipson,mfilipson32@cyberchimps.com,Female,mastercard,5010121356628751
112,Cos,Lempke,clempke33@ca.gov,Male,china-unionpay,56022306528002279
113,Jorie,Pendrey,jpendrey34@sogou.com,Female,bankcard,5602256065184342
114,Galven,Kinnier,gkinnier35@topsy.com,Male,maestro,589335264030062913
115,Jillene,Rubinowitz,jrubinowitz36@parallels.com,Female,mastercard,5002350966604197
116,Sara-ann,Ingleston,singleston37@stanford.edu,Female,jcb,3531757243189344
117,Carl,Bulpitt,cbulpitt38@marketwatch.com,Male,maestro,6759803346680622868
118,Josie,Ivey,jivey39@skyrock.com,Female,bankcard,5602222537959570
119,Lammond,McArthur,lmcarthur3a@pcworld.com,Male,maestro,676367705838848511
120,Constantin,Edser,cedser3b@opensource.org,Polygender,maestro,50204576074565985
121,Enos,Jehu,ejehu3c@topsy.com,Male,mastercard,5526120339199549
122,Sheilakathryn,Rayhill,srayhill3d@canalblog.com,Female,laser,67092797516047759
123,Corbet,Steketee,csteketee3e@paginegialle.it,Male,diners-club-enroute,201562203925132
124,Sheelagh,Currum,scurrum3f@boston.com,Agender,jcb,3549219599378476
125,Innis,Austing,iausting3g@gizmodo.com,Male,jcb,3542737316292040
126,Marielle,Percy,mpercy3h@archive.org,Female,bankcard,5610682178073017
127,Webb,Sartin,wsartin3i@state.gov,Male,visa-electron,4508884346827047
128,Tyne,Karel,tkarel3j@goodreads.com,Female,jcb,3556679734195020
129,Garvin,Tregust,gtregust3k@jiathis.com,Male,bankcard,5602222195651659
130,Pamella,Vasser,pvasser3l@walmart.com,Female,instapayment,6379437543919793
131,Joseito,Alliker,jalliker3m@ovh.net,Male,jcb,3550977379975565
132,Thom,Gruby,tgruby3n@flavors.me,Male,maestro,63047277200137658
133,Godfry,Wallage,gwallage3o@surveymonkey.com,Male,jcb,3583449822467385
134,Kimberly,Sellwood,ksellwood3p@1und1.de,Female,americanexpress,337941573324166
135,Marja,Gascoine,mgascoine3q@netvibes.com,Female,jcb,3576828895015875
136,Price,Widdowson,pwiddowson3r@themeforest.net,Male,visa-electron,4405944812398040
137,Roana,Murty,rmurty3s@studiopress.com,Female,diners-club-carte-blanche,30561405132775
138,Scot,Pettman,spettman3t@go.com,Male,jcb,3566774182057844
139,Ava,Adran,aadran3u@irs.gov,Female,jcb,3573947395759817
140,Sarah,Aleksandrev,saleksandrev3v@hud.gov,Female,jcb,3573392706000546
141,Renee,Crinage,rcrinage3w@mysql.com,Female,diners-club-carte-blanche,30427161475354
142,Nichole,Gollin,ngollin3x@exblog.jp,Female,bankcard,5602234454398369
143,Constancia,Durkin,cdurkin3y@nationalgeographic.com,Female,diners-club-carte-blanche,30395129071310
144,Sayers,Puddefoot,spuddefoot3z@toplist.cz,Male,china-unionpay,560223927568681371
145,Quintana,Buckthorpe,qbuckthorpe40@tuttocitta.it,Female,jcb,3553050829261882
146,Nicolina,Palffy,npalffy41@rediff.com,Female,laser,6304888657613772
147,Brocky,Lauder,blauder42@newyorker.com,Male,switch,5641829616853702627
148,Matti,Dallander,mdallander43@yahoo.com,Female,switch,6331102819757198497
149,Fonzie,Jansie,fjansie44@nsw.gov.au,Male,jcb,3585824890891898
150,Alair,Cottee,acottee45@statcounter.com,Male,jcb,3569440335896432
151,Stu,Nund,snund46@rakuten.co.jp,Male,diners-club-enroute,201417392118702
152,Bev,Vibert,bvibert47@nhs.uk,Female,diners-club-international,36376693008569
153,Porty,Nowaczyk,pnowaczyk48@opera.com,Male,jcb,3536516351672201
154,Patrizia,Cribbins,pcribbins49@moonfruit.com,Female,jcb,3533441051711196
155,Jonell,Escofier,jescofier4a@who.int,Female,switch,6331101821504340
156,Bel,Lukovic,blukovic4b@dion.ne.jp,Female,jcb,3538821046918987
157,Madelena,Hiscoe,mhiscoe4c@mlb.com,Female,diners-club-enroute,201677181083272
158,Hodge,Jakubovits,hjakubovits4d@wix.com,Male,switch,6759590142878748301
159,Caesar,Benge,cbenge4e@freewebs.com,Male,jcb,3531917474814545
160,Pammi,Boagey,pboagey4f@booking.com,Female,jcb,3535074567248011
161,Charis,McNaughton,cmcnaughton4g@businessweek.com,Female,visa,4041592666192
162,Teresita,Mowle,tmowle4h@canalblog.com,Female,maestro,67610216537104823
163,Efren,MacCaffery,emaccaffery4i@cisco.com,Male,americanexpress,340405077174563
164,Zonda,Mitchley,zmitchley4j@vkontakte.ru,Female,jcb,3538120009479131
165,Vernon,Cousin,vcousin4k@globo.com,Male,diners-club-enroute,201552305894690
166,Law,Tills,ltills4l@pinterest.com,Male,mastercard,5048373581893918
167,Zuzana,McKissack,zmckissack4m@wp.com,Female,maestro,67633188653412111
168,Viv,Abramovic,vabramovic4n@tripadvisor.com,Female,jcb,3553550683466493
169,Hall,Maling,hmaling4o@toplist.cz,Male,laser,6706951874482884346
170,Pauletta,Brazelton,pbrazelton4p@1688.com,Female,americanexpress,337941208756014
171,Garald,Ortells,gortells4q@xing.com,Male,diners-club-enroute,201931902856395
172,Harri,Dinneen,hdinneen4r@prnewswire.com,Female,jcb,3543181615384373
173,Dorri,Keigher,dkeigher4s@ebay.co.uk,Female,jcb,3530681924741523
174,Lorens,Heustice,lheustice4t@cpanel.net,Genderqueer,china-unionpay,5602222326866511370
175,Dora,Nizet,dnizet4u@feedburner.com,Female,americanexpress,374288414770734
176,Ilysa,Fenners,ifenners4v@vinaora.com,Bigender,diners-club-carte-blanche,30061556085575
177,Markos,Lanahan,mlanahan4w@clickbank.net,Male,jcb,3586026247872014
178,Bernie,Stepto,bstepto4x@google.com.hk,Female,americanexpress,374288540310090
179,Nina,Timlett,ntimlett4y@photobucket.com,Female,china-unionpay,5602245943702869797
180,Leeanne,Taber,ltaber4z@blogger.com,Female,visa-electron,4844834330465646
181,Sigfried,Brislawn,sbrislawn50@ox.ac.uk,Male,jcb,3554764851396460
182,Alexis,Haywood,ahaywood51@ovh.net,Female,jcb,3552898436762481
183,Caterina,Cavan,ccavan52@reuters.com,Female,visa,4041375318790234
184,Carolin,Ludlem,cludlem53@google.pl,Agender,visa,4233032083977
185,Waldon,Dartnall,wdartnall54@nps.gov,Male,bankcard,5602222738025247
186,Adolphe,Prys,aprys55@blog.com,Male,switch,4905462802513978
187,Rosette,Neve,rneve56@instagram.com,Female,mastercard,5108754250981380
188,Lena,Ranald,lranald57@ted.com,Female,china-unionpay,5602219534231342
189,Milty,Hadley,mhadley58@feedburner.com,Male,visa-electron,4026595632749686
190,Ravid,Niblett,rniblett59@biblegateway.com,Male,jcb,3578658918416547
191,Cosette,Coils,ccoils5a@google.de,Female,jcb,3531062291708727
192,Shell,McMenamy,smcmenamy5b@arizona.edu,Female,bankcard,5602219922398273
193,Iorgos,Hollingsby,ihollingsby5c@blogtalkradio.com,Male,jcb,3560347318762979
194,Tonnie,Klaessen,tklaessen5d@jimdo.com,Male,jcb,3554887994703415
195,Carlina,Trunkfield,ctrunkfield5e@reuters.com,Female,laser,67063207979116401
196,Letizia,Pinor,lpinor5f@plala.or.jp,Female,americanexpress,372301154970729
197,Ashton,Gosden,agosden5g@opera.com,Male,jcb,3536388679478061
198,Lorenzo,Blaymires,lblaymires5h@vistaprint.com,Male,jcb,3552684639060687
199,Chelsae,Middlehurst,cmiddlehurst5i@usatoday.com,Polygender,jcb,3573312430729442
200,Trixy,Yurov,tyurov5j@google.de,Female,jcb,3531987426011318
201,Hilario,Andrichuk,handrichuk5k@sogou.com,Male,visa-electron,4913507744276322
202,Kelbee,Klimas,kklimas5l@sun.com,Male,jcb,3575390960172009
203,Wilmette,Rhymes,wrhymes5m@csmonitor.com,Polygender,americanexpress,372717262429797
204,Taylor,Hullah,thullah5n@wikispaces.com,Male,bankcard,5602229125834743
205,Germaine,Cannings,gcannings5o@studiopress.com,Female,maestro,6761361899184115
206,Kiah,Elcoat,kelcoat5p@theatlantic.com,Female,jcb,3546842018791244
207,Jae,Itzhaki,jitzhaki5q@technorati.com,Male,jcb,3558553908908997
208,Onfre,Slocomb,oslocomb5r@si.edu,Male,diners-club-us-ca,5525146443020538
209,Solly,Mayston,smayston5s@opensource.org,Male,laser,6709505479447889
210,Brose,de Broke,bdebroke5t@hao123.com,Male,jcb,3560972213865930
211,Aldus,Mitkcov,amitkcov5u@webs.com,Male,jcb,3546224915612197
212,Dev,Ateridge,dateridge5v@shop-pro.jp,Genderfluid,visa-electron,4405534512457699
213,Cleveland,Duigan,cduigan5w@boston.com,Male,jcb,3545680216793658
214,Rosaleen,Lodden,rlodden5x@blogspot.com,Female,jcb,3532251570392597
215,Brandy,Durker,bdurker5y@hexun.com,Bigender,jcb,3555690010444330
216,Davidde,Labern,dlabern5z@qq.com,Male,jcb,3566189370815558
217,Norina,Kendall,nkendall60@columbia.edu,Female,jcb,3552084096415708
218,Jackqueline,Gregoriou,jgregoriou61@ihg.com,Female,jcb,3534252478193564
219,Roderic,Le Fleming,rlefleming62@shinystat.com,Male,jcb,3546273590497044
220,Crin,Fairleigh,cfairleigh63@vinaora.com,Female,jcb,3539893241983917
221,Legra,Brosh,lbrosh64@smugmug.com,Female,switch,6333979812294777598
222,Kitti,De Roeck,kderoeck65@geocities.jp,Female,visa-electron,4026552248901300
223,Anders,Brand-Hardy,abrandhardy66@1und1.de,Male,instapayment,6370839578669517
224,Alysa,Collingworth,acollingworth67@bbb.org,Female,jcb,3565944406245373
225,Blakeley,Goldston,bgoldston68@sitemeter.com,Female,diners-club-carte-blanche,30591787958877
226,Alta,Danneil,adanneil69@pbs.org,Female,bankcard,5602236999162945
227,Thorndike,Beadell,tbeadell6a@sbwire.com,Male,jcb,3574511668885458
228,Kaja,Chadwyck,kchadwyck6b@mayoclinic.com,Female,diners-club-enroute,201696275206839
229,Neal,Kaines,nkaines6c@ezinearticles.com,Male,jcb,3574473495740887
230,Blanch,Rabbe,brabbe6d@rambler.ru,Female,diners-club-enroute,201796092074277
231,Miltie,Dmisek,mdmisek6e@printfriendly.com,Male,laser,677179432816355643
232,Rafael,Farr,rfarr6f@jiathis.com,Male,instapayment,6374773869062155
233,Georgette,Brand-Hardy,gbrandhardy6g@dell.com,Female,visa-electron,4026769299514440
234,Nomi,Mughal,nmughal6h@wikipedia.org,Female,jcb,3528259058337121
235,Hubie,Sterland,hsterland6i@github.com,Male,mastercard,5247663960638705
236,Kristi,Tippler,ktippler6j@newyorker.com,Female,jcb,3573527950617285
237,Lucky,Bondar,lbondar6k@altervista.org,Female,jcb,3537230292173902
238,Bay,Ruspine,bruspine6l@multiply.com,Male,jcb,3545260744957073
239,Thornton,Cowlam,tcowlam6m@blog.com,Male,americanexpress,374622414693712
240,Opal,Marunchak,omarunchak6n@upenn.edu,Female,jcb,3546534285047752
241,Adelbert,Gowan,agowan6o@time.com,Male,diners-club-enroute,201862317286060
242,Gabby,Jordon,gjordon6p@miibeian.gov.cn,Male,mastercard,5490902787120883
243,Gerri,Grierson,ggrierson6q@chicagotribune.com,Female,jcb,3575599571507870
244,Theodora,Darwood,tdarwood6r@typepad.com,Female,jcb,3583783209470939
245,Ford,Hurren,fhurren6s@bing.com,Male,switch,493650500463651256
246,Anton,Paike,apaike6t@ebay.co.uk,Male,maestro,06042242859148954
247,Kriste,Surby,ksurby6u@delicious.com,Female,visa-electron,4175000159919258
248,Vivienne,Meech,vmeech6v@umich.edu,Female,jcb,3561332525933372
249,Travers,Curgenuer,tcurgenuer6w@netlog.com,Bigender,jcb,3575494648985327
250,Nicola,Koles,nkoles6x@imageshack.us,Female,visa,4017958062303096
251,Elsey,Matzaitis,ematzaitis6y@hexun.com,Female,diners-club-carte-blanche,30315692841188
252,Otha,Westfield,owestfield6z@delicious.com,Female,mastercard,5048372609051475
253,Morris,Booler,mbooler70@twitpic.com,Male,switch,493690380012948954
254,Joye,Life,jlife71@networkadvertising.org,Female,mastercard,5048375496910299
255,Joline,Childe,jchilde72@state.gov,Female,jcb,3562549256481300
256,Esta,Curneen,ecurneen73@godaddy.com,Female,jcb,3530764698880451
257,Loralie,Crookston,lcrookston74@ebay.co.uk,Genderqueer,solo,676711869574658337
258,Germaine,Jellico,gjellico75@spotify.com,Female,jcb,3554821509185636
259,Clarey,Luty,cluty76@nationalgeographic.com,Female,americanexpress,345416334215482
260,Blayne,Hamblington,bhamblington77@springer.com,Male,jcb,3548855056137581
261,Emelen,Blatchford,eblatchford78@gizmodo.com,Male,americanexpress,348903337015669
262,Elly,Polet,epolet79@blinklist.com,Female,americanexpress,372301942661150
263,Marijn,Pendre,mpendre7a@sitemeter.com,Male,jcb,3544741406006326
264,Cinnamon,Aliman,caliman7b@answers.com,Female,diners-club-carte-blanche,30397068215098
265,Aldric,Pedrielli,apedrielli7c@amazon.co.uk,Male,jcb,3577795022055968
266,Asia,Daens,adaens7d@ebay.com,Female,solo,633442069960562220
267,Reinald,Le Gallo,rlegallo7e@bandcamp.com,Male,maestro,676266850187450873
268,Isabel,Horley,ihorley7f@cdc.gov,Agender,americanexpress,372301313408637
269,Kellina,McCambrois,kmccambrois7g@shinystat.com,Female,jcb,3543410857215999
270,Karon,Fivey,kfivey7h@moonfruit.com,Genderqueer,mastercard,5010122250213286
271,Becka,McNiven,bmcniven7i@merriam-webster.com,Female,jcb,3571811851241185
272,Duffie,Keenlayside,dkeenlayside7j@time.com,Male,diners-club-carte-blanche,30243654767284
273,Staci,McPike,smcpike7k@jimdo.com,Female,jcb,3564016632173967
274,Bram,Fourcade,bfourcade7l@vimeo.com,Male,jcb,3533750519356844
275,Hector,Dennes,hdennes7m@wufoo.com,Male,switch,4905261060679228480
276,Franny,Chard,fchard7n@columbia.edu,Male,jcb,3539620141771633
277,Bernard,Dalglish,bdalglish7o@imageshack.us,Genderqueer,jcb,3584297966973729
278,Gail,Key,gkey7p@bizjournals.com,Genderfluid,mastercard,5150678677349128
279,Briant,Dews,bdews7q@yellowpages.com,Male,diners-club-carte-blanche,30047616209362
280,Harwilll,Delacroux,hdelacroux7r@businessweek.com,Male,jcb,3554011535272141
281,Stephanus,Votier,svotier7s@nih.gov,Male,maestro,503813321873797963
282,Darren,Caulcutt,dcaulcutt7t@biblegateway.com,Male,bankcard,5602239364653514
283,Clevie,Augar,caugar7u@cisco.com,Male,mastercard,5100142589142270
284,Lind,Ottosen,lottosen7v@mapquest.com,Female,americanexpress,337941126947349
285,Hamlen,McPhilip,hmcphilip7w@drupal.org,Male,jcb,3574699301185046
286,Coral,Scandrite,cscandrite7x@state.gov,Female,switch,4903409437610202543
287,Elliot,Essel,eessel7y@com.com,Male,laser,6771991269113374872
288,Richardo,Stuckow,rstuckow7z@wordpress.com,Male,jcb,3586466515938610
289,Adey,Avon,aavon80@amazonaws.com,Female,americanexpress,374288690450480
290,Val,Pullen,vpullen81@omniture.com,Female,instapayment,6394137981208649
291,Baryram,Brayshaw,bbrayshaw82@google.fr,Male,diners-club-us-ca,5407298814901573
292,Jorie,Avon,javon83@vinaora.com,Female,instapayment,6382124120281079
293,Allyn,Veschi,aveschi84@goodreads.com,Male,jcb,3570211750574243
294,Sunshine,Conichie,sconichie85@twitpic.com,Female,switch,6331104149361772315
295,Emilio,Betje,ebetje86@wunderground.com,Male,diners-club-carte-blanche,30510812892570
296,Briano,Dorow,bdorow87@amazonaws.com,Male,maestro,5018248334007464755
297,Reece,Swetmore,rswetmore88@netlog.com,Male,jcb,3561036027880037
298,Waiter,Lightbown,wlightbown89@list-manage.com,Male,jcb,3558963148409021
299,Patrice,Gruszecki,pgruszecki8a@homestead.com,Female,jcb,3546309135622173
300,Glynda,Juanico,gjuanico8b@utexas.edu,Female,jcb,3581304872457574
301,Olga,Seamans,oseamans8c@yandex.ru,Female,jcb,3546761394054110
302,Shelley,Ameer-Beg,sameerbeg8d@google.ru,Male,jcb,3544950787083495
303,Oriana,Gellion,ogellion8e@salon.com,Female,jcb,3548269035614134
304,Ula,Yoell,uyoell8f@list-manage.com,Female,switch,4911921968537156
305,Alyson,Deniske,adeniske8g@ocn.ne.jp,Female,diners-club-enroute,201903716796851
306,Raymund,Dungay,rdungay8h@furl.net,Male,switch,493616404439460509
307,Stevie,Hambidge,shambidge8i@mysql.com,Male,switch,633391905865559590
308,Farlay,Burnsall,fburnsall8j@gravatar.com,Male,jcb,3560697827231936
309,Anstice,Cronk,acronk8k@yellowpages.com,Female,maestro,5018039206779317887
310,Darda,Ismay,dismay8l@home.pl,Female,jcb,3562623543654274
311,Rochester,Charrette,rcharrette8m@newsvine.com,Male,switch,4903268279398971
312,Janice,Menezes,jmenezes8n@desdev.cn,Female,jcb,3566536921286699
313,Karel,Matysiak,kmatysiak8o@fotki.com,Male,jcb,3531165451662319
314,Consolata,Webburn,cwebburn8p@cloudflare.com,Female,jcb,3546884416496356
315,Sybyl,Maddox,smaddox8q@msu.edu,Female,bankcard,5602225312246121
316,Portie,Etherington,petherington8r@wp.com,Male,maestro,5020045463537969560
317,Hakim,Brame,hbrame8s@kickstarter.com,Agender,visa-electron,4844147751851438
318,Ivory,Keson,ikeson8t@miibeian.gov.cn,Female,visa,4041371422676
319,Jennilee,Farran,jfarran8u@washingtonpost.com,Female,jcb,3586806615680002
320,Fred,Philipsson,fphilipsson8v@ovh.net,Male,china-unionpay,5602227315315713450
321,Mic,Comsty,mcomsty8w@jalbum.net,Male,jcb,3581367254359742
322,Madella,Shippard,mshippard8x@miibeian.gov.cn,Female,jcb,3533333446915865
323,Star,Burrows,sburrows8y@google.com.au,Genderfluid,jcb,3551668480485896
324,Tristan,Gallally,tgallally8z@last.fm,Male,jcb,3532616838129058
325,Kinnie,Whife,kwhife90@omniture.com,Bigender,maestro,6761652473514861
326,Ellsworth,McLice,emclice91@irs.gov,Male,diners-club-enroute,201880985457581
327,Selig,Iddens,siddens92@reverbnation.com,Male,jcb,3541694950566893
328,Hector,Andreassen,handreassen93@bigcartel.com,Male,americanexpress,372301630114306
329,Sena,Priest,spriest94@1688.com,Female,jcb,3559099646522673
330,Florinda,Koba,fkoba95@newsvine.com,Female,diners-club-carte-blanche,30593718142787
331,Roanne,Stenyng,rstenyng96@va.gov,Female,jcb,3550865665628867
332,Ulrika,Lintill,ulintill97@a8.net,Genderqueer,visa,4017950513760974
333,Dennie,Van Oort,dvanoort98@miibeian.gov.cn,Female,diners-club-enroute,201490259230670
334,Chicky,Snashall,csnashall99@admin.ch,Male,bankcard,5610887869682907
335,Nicky,Llewellyn,nllewellyn9a@bbc.co.uk,Female,diners-club-carte-blanche,30508302601907
336,Debee,Grinter,dgrinter9b@toplist.cz,Female,diners-club-carte-blanche,30338063572885
337,Sheree,Stribling,sstribling9c@4shared.com,Female,jcb,3530587619065203
338,Marketa,Eamer,meamer9d@myspace.com,Polygender,bankcard,5602244912430506
339,Hayes,Silmon,hsilmon9e@skyrock.com,Bigender,china-unionpay,56022460954002442
340,Sidoney,Garbutt,sgarbutt9f@yale.edu,Female,jcb,3557919418603934
341,Vivien,Hefforde,vhefforde9g@guardian.co.uk,Female,bankcard,5610325577278155
342,Filberto,Petegrew,fpetegrew9h@prlog.org,Male,mastercard,5542372751976413
343,Willem,Lofts,wlofts9i@so-net.ne.jp,Male,americanexpress,374288772679899
344,Otho,Batters,obatters9j@comsenz.com,Male,china-unionpay,5602218578550668843
345,Jacquelin,Piercey,jpiercey9k@senate.gov,Female,americanexpress,342575587029099
346,Britt,Caroli,bcaroli9l@webnode.com,Male,mastercard,5048374401468212
347,Culver,Conniam,cconniam9m@arstechnica.com,Male,maestro,67592593310811499
348,Ulrich,De Bernardi,udebernardi9n@icio.us,Male,visa,4017953315921083
349,Sutton,Sifleet,ssifleet9o@last.fm,Male,mastercard,5048372161615618
350,Mikael,Donohoe,mdonohoe9p@aol.com,Male,diners-club-carte-blanche,30109035884553
351,Hugo,Furman,hfurman9q@infoseek.co.jp,Male,jcb,3570030296575732
352,Asa,But,abut9r@mashable.com,Male,jcb,3572312421405888
353,Cherice,Belford,cbelford9s@accuweather.com,Female,americanexpress,372301947906063
354,Sherlock,Howse,showse9t@craigslist.org,Male,mastercard,5007666531817054
355,Cad,Luckcuck,cluckcuck9u@dailymail.co.uk,Male,bankcard,5602224878198198
356,Boothe,Haselup,bhaselup9v@washington.edu,Male,laser,67062975066084747
357,Burl,Siddon,bsiddon9w@cbsnews.com,Male,diners-club-enroute,201432436449500
358,Esdras,Maroney,emaroney9x@theatlantic.com,Male,maestro,6763801046128973543
359,Horacio,Dowers,hdowers9y@cnn.com,Male,jcb,3580190459233236
360,Harris,Trahmel,htrahmel9z@seattletimes.com,Non-binary,visa,4322120974476
361,Tessa,Busfield,tbusfielda0@lulu.com,Female,jcb,3559732119064233
362,Efrem,Copo,ecopoa1@google.co.uk,Non-binary,jcb,3572005501407713
363,Tabbie,Carnalan,tcarnalana2@scientificamerican.com,Bigender,jcb,3536051559316351
364,Alisha,Cumpton,acumptona3@bandcamp.com,Female,jcb,3551592732293884
365,Ianthe,Jankin,ijankina4@redcross.org,Female,jcb,3538288574559767
366,Lynna,Peete,lpeetea5@phoca.cz,Female,jcb,3581475926794764
367,Karl,Chelnam,kchelnama6@spotify.com,Male,visa-electron,4405233386771141
368,Paige,Lewcock,plewcocka7@linkedin.com,Female,maestro,589302541912931151
369,Gunar,Fleg,gflega8@flavors.me,Genderqueer,instapayment,6385128463916115
370,Sam,Folini,sfolinia9@berkeley.edu,Female,visa-electron,4508505510863795
371,Hewitt,Collum,hcollumaa@ucoz.ru,Male,china-unionpay,5610903837234301210
372,Antoine,Beiderbeck,abeiderbeckab@comcast.net,Male,jcb,3580718359996955
373,Fey,Cadney,fcadneyac@eventbrite.com,Female,mastercard,5187424901047817
374,Mikel,Ivamy,mivamyad@ucla.edu,Bigender,jcb,3544469387166824
375,Windy,Belfrage,wbelfrageae@amazon.de,Female,jcb,3562830543554632
376,Martino,Langmaid,mlangmaidaf@cafepress.com,Male,diners-club-enroute,201938845515285
377,Eleni,Beckson,ebecksonag@google.pl,Female,china-unionpay,560224477776681705
378,Joachim,Flack,jflackah@reference.com,Male,china-unionpay,56022551668975111
379,Luca,Cuseck,lcuseckai@about.com,Male,jcb,3577407823379577
380,Annaliese,Balthasar,abalthasaraj@addtoany.com,Bigender,jcb,3573648038457716
381,Dav,Foyston,dfoystonak@jigsy.com,Male,mastercard,5382386681478566
382,Lela,Basilone,lbasiloneal@bbc.co.uk,Female,americanexpress,374288530724961
383,Barb,Wisam,bwisamam@phpbb.com,Female,jcb,3528338702527814
384,Duane,Gwillyam,dgwillyaman@cornell.edu,Agender,visa,4041591741178
385,Clarita,Kill,ckillao@fc2.com,Female,diners-club-us-ca,5540036471723734
386,Hastie,Hindmoor,hhindmoorap@prweb.com,Male,maestro,50383691157068154
387,Crosby,Heaphy,cheaphyaq@jalbum.net,Male,maestro,6304967837192287643
388,Denice,Aireton,dairetonar@uiuc.edu,Female,maestro,58934425051701058
389,Jacqueline,Scrammage,jscrammageas@yale.edu,Female,americanexpress,374283946341807
390,Urbanus,Dyne,udyneat@scribd.com,Male,china-unionpay,5602229898304339161
391,Nanice,Hunnisett,nhunnisettau@census.gov,Genderqueer,jcb,3567968526694150
392,Alyse,Boleyn,aboleynav@unblog.fr,Bigender,diners-club-enroute,201684231172444
393,Sigrid,Slate,sslateaw@parallels.com,Female,jcb,3584993109296206
394,Tomasine,Duckerin,tduckerinax@so-net.ne.jp,Female,jcb,3583301261303813
395,Frank,Lown,flownay@cyberchimps.com,Male,diners-club-carte-blanche,30177716816095
396,Derby,Finan,dfinanaz@cargocollective.com,Bigender,china-unionpay,5602243646287828
397,Bret,Boyfield,bboyfieldb0@opensource.org,Male,diners-club-us-ca,5443207983450060
398,Mariette,Bisco,mbiscob1@angelfire.com,Female,china-unionpay,5602219886311693011
399,Suki,Dauby,sdaubyb2@wired.com,Female,diners-club-enroute,201637341199228
400,Brander,Stucksbury,bstucksburyb3@usgs.gov,Male,jcb,3544150011602984
401,Cortney,Fist,cfistb4@redcross.org,Female,laser,6304487655747556358
402,Benton,Alvey,balveyb5@unicef.org,Male,jcb,3587441633200499
403,Josie,Remnant,jremnantb6@nsw.gov.au,Female,bankcard,5610503305377123
404,Kincaid,Elsmor,kelsmorb7@omniture.com,Male,diners-club-enroute,201813880788990
405,Loralyn,Botterman,lbottermanb8@arstechnica.com,Female,mastercard,5100171620524139
406,Hetti,Janous,hjanousb9@seattletimes.com,Female,jcb,3543842776481411
407,Thornie,Stenett,tstenettba@soup.io,Male,jcb,3578671569932878
408,Jolynn,Le Breton De La Vieuville,jlebretondelavieuvillebb@sciencedaily.com,Female,mastercard,5293302651296738
409,Micheal,Ubach,mubachbc@ovh.net,Male,visa-electron,4405685480734087
410,Susette,Kelloch,skellochbd@spotify.com,Female,visa-electron,4508423951185332
411,Boyd,Joynson,bjoynsonbe@yellowpages.com,Male,maestro,6761462692159732
412,Wolfie,Heersema,wheersemabf@scribd.com,Male,diners-club-carte-blanche,30029089903853
413,Emeline,Cheverton,echevertonbg@springer.com,Female,switch,491105955524522570
414,Xenia,Shirtliff,xshirtliffbh@sakura.ne.jp,Female,jcb,3553267570046755
415,Angelita,Bleything,ableythingbi@paginegialle.it,Female,jcb,3576312469541830
416,Jere,Immings,jimmingsbj@ihg.com,Male,jcb,3552964996437920
417,Zuzana,Enevold,zenevoldbk@hubpages.com,Female,jcb,3566092495601780
418,Patrick,Haxell,phaxellbl@shinystat.com,Male,laser,6771931513157305
419,Joyann,Broomfield,jbroomfieldbm@webnode.com,Female,jcb,3543543385726507
420,Alex,Figgess,afiggessbn@prlog.org,Female,jcb,3565688079858364
421,Von,Klimt,vklimtbo@psu.edu,Male,visa-electron,4026784782434956
422,Vale,Enderlein,venderleinbp@oracle.com,Female,bankcard,5602254067702468
423,Mildred,Bloss,mblossbq@usda.gov,Female,diners-club-enroute,201700668304753
424,Cleavland,Heinicke,cheinickebr@msu.edu,Male,americanexpress,337941064151193
425,Idaline,Darke,idarkebs@mapquest.com,Female,jcb,3578671261584894
426,Herve,Knee,hkneebt@usatoday.com,Male,mastercard,5568648169784724
427,Kania,Itzkin,kitzkinbu@about.me,Female,laser,6304223666136203
428,Clemens,Wigan,cwiganbv@ed.gov,Male,mastercard,5507259809460610
429,Ethe,Stealey,estealeybw@cnet.com,Male,jcb,3534642013913551
430,Dukey,Manthroppe,dmanthroppebx@ebay.co.uk,Male,switch,491151913915554408
431,Erda,Hartwright,ehartwrightby@dagondesign.com,Female,visa,4041596446245
432,Gabbie,Sibbering,gsibberingbz@qq.com,Male,bankcard,5610846544387977
433,Alfy,Derdes,aderdesc0@businessinsider.com,Female,switch,5641825184567299
434,Nancy,Sotworth,nsotworthc1@psu.edu,Female,diners-club-carte-blanche,30410278838805
435,Pia,Dummett,pdummettc2@imdb.com,Female,jcb,3554636918636387
436,Malory,Cary,mcaryc3@dailymail.co.uk,Female,jcb,3546600723805711
437,Stephanus,Fisby,sfisbyc4@yolasite.com,Male,americanexpress,337941514012235
438,Darda,Lilliman,dlillimanc5@psu.edu,Female,mastercard,5048377867361789
439,Farley,Tremeer,ftremeerc6@utexas.edu,Male,jcb,3584593151471192
440,Rafi,Guise,rguisec7@noaa.gov,Male,maestro,6304336763201900
441,Dahlia,Wauchope,dwauchopec8@mit.edu,Female,jcb,3554137094237355
442,Rosamond,McNeillie,rmcneilliec9@symantec.com,Female,maestro,676359231786994595
443,Di,Ferreira,dferreiraca@ezinearticles.com,Female,solo,6334029339166541
444,Lorin,Buscher,lbuschercb@ucsd.edu,Male,mastercard,5007669759408077
445,Madonna,Van Haeften,mvanhaeftencc@domainmarket.com,Polygender,maestro,63042734219570753
446,Bastian,Bigham,bbighamcd@yolasite.com,Male,jcb,3575679242908044
447,Erika,Placido,eplacidoce@mashable.com,Female,bankcard,5602217623695203
448,Cindelyn,Grouen,cgrouencf@upenn.edu,Female,jcb,3577656396070092
449,Marijo,Inkles,minklescg@nasa.gov,Female,maestro,6762662229664226985
450,Philippa,Treweek,ptreweekch@cbc.ca,Female,visa,4041591234638
451,Gerick,Gooding,ggoodingci@typepad.com,Male,jcb,3581778617436110
452,Lynn,Barrass,lbarrasscj@answers.com,Male,instapayment,6399310078450136
453,Dennet,Fernier,dfernierck@dmoz.org,Male,maestro,5038434874011706735
454,Archaimbaud,Eidler,aeidlercl@twitter.com,Male,jcb,3574272393582635
455,Alicia,Poluzzi,apoluzzicm@wikia.com,Female,mastercard,5002355338669430
456,Ambrosi,Peete,apeetecn@sphinn.com,Male,americanexpress,372301650141403
457,Duane,Darycott,ddarycottco@symantec.com,Male,jcb,3531345939975745
458,Audrie,Skrine,askrinecp@webs.com,Female,china-unionpay,5602221284245821419
459,Nannie,Marden,nmardencq@latimes.com,Female,jcb,3529095816395905
460,Bennie,Newhouse,bnewhousecr@marketwatch.com,Female,diners-club-us-ca,5470400771398791
461,Cyrill,Goroni,cgoronics@purevolume.com,Male,mastercard,5496779559817308
462,Phineas,Hutson,phutsonct@w3.org,Male,jcb,3539592766939458
463,Melissa,Wimes,mwimescu@imdb.com,Female,diners-club-enroute,201913991453318
464,Sophi,Minguet,sminguetcv@webeden.co.uk,Female,diners-club-enroute,201879146916279
465,Clarance,Banger,cbangercw@accuweather.com,Male,mastercard,5010125013624509
466,Marven,Zannutti,mzannutticx@ft.com,Male,americanexpress,375095361076083
467,Ondrea,Grunson,ogrunsoncy@house.gov,Polygender,maestro,50185562997920211
468,Roseanna,Brideoke,rbrideokecz@twitter.com,Female,mastercard,5007662684387540
469,Dusty,deKnevet,ddeknevetd0@dyndns.org,Agender,diners-club-carte-blanche,30598984951837
470,Tomaso,Wilsher,twilsherd1@statcounter.com,Male,diners-club-carte-blanche,30197150416426
471,Cathee,Dewing,cdewingd2@mozilla.com,Female,china-unionpay,560223775918479735
472,Ken,Bloys,kbloysd3@mashable.com,Male,solo,6767203997967888710
473,Sandy,Fookes,sfookesd4@europa.eu,Genderqueer,jcb,3563768247283620
474,Roch,Klewer,rklewerd5@europa.eu,Female,visa-electron,4405034820683938
475,Lisetta,Bruhnicke,lbruhnicked6@alexa.com,Female,maestro,6762295311271785457
476,Kimberly,Kleeman,kkleemand7@soup.io,Female,jcb,3529486407789400
477,Marice,McAuslan,mmcausland8@google.es,Female,diners-club-us-ca,5413589821523760
478,Donielle,Prowting,dprowtingd9@amazon.de,Female,jcb,3530614002163146
479,Torrin,Kilgrove,tkilgroveda@hatena.ne.jp,Male,jcb,3541540456964308
480,Urbano,Passy,upassydb@bloomberg.com,Agender,jcb,3548280050287565
481,Finley,Ranfield,franfielddc@cbslocal.com,Male,jcb,3557620186842437
482,Fannie,Satch,fsatchdd@weibo.com,Genderfluid,jcb,3541822992950243
483,Ashlee,Feenan,afeenande@acquirethisname.com,Female,mastercard,5108756547729753
484,Poppy,Vidgen,pvidgendf@globo.com,Female,visa-electron,4917439346416351
485,Adara,Fordyce,afordycedg@51.la,Female,jcb,3583002291335193
486,Cathy,Friday,cfridaydh@seesaa.net,Female,maestro,5038307705657538
487,Alexandr,Witterick,awitterickdi@ehow.com,Male,maestro,5018204821309028488
488,Christine,Hacard,chacarddj@feedburner.com,Female,laser,67094581407164651
489,Marni,Rudgley,mrudgleydk@vk.com,Female,switch,6759241854721396
490,Shandie,Mannin,smannindl@themeforest.net,Female,jcb,3540524535613434
491,Gran,Salvatore,gsalvatoredm@slate.com,Male,solo,633404795984358726
492,Barnabe,Burkill,bburkilldn@hud.gov,Male,china-unionpay,560222144813276053
493,Heddie,Maruszewski,hmaruszewskido@slate.com,Female,maestro,630447961002967022
494,Catherine,Habeshaw,chabeshawdp@sina.com.cn,Genderqueer,visa,4017957568744
495,Nelson,Maas,nmaasdq@ft.com,Polygender,jcb,3567928385552139
496,Monica,Brownbill,mbrownbilldr@slashdot.org,Female,jcb,3560638053989946
497,Adolphus,Ogan,aogands@mtv.com,Male,china-unionpay,56022516638174053
498,Olive,Whitloe,owhitloedt@sina.com.cn,Female,jcb,3560358933935817
499,Coral,Pardon,cpardondu@xrea.com,Female,maestro,501881339765449239
500,Nicki,Waggatt,nwaggattdv@symantec.com,Non-binary,visa-electron,4913949486253863
501,Coral,Crossingham,ccrossinghamdw@rambler.ru,Female,mastercard,5100139680541293
502,Abbie,Boothby,aboothbydx@adobe.com,Male,jcb,3577025091205090
503,Brenda,Petz,bpetzdy@tuttocitta.it,Female,jcb,3541310735549878
504,Beverly,Peddel,bpeddeldz@networksolutions.com,Female,jcb,3569489502086897
505,Carry,Riggs,criggse0@altervista.org,Female,china-unionpay,5602246807932413
506,Dov,MacPhee,dmacpheee1@moonfruit.com,Male,diners-club-enroute,201963977801543
507,Karoline,Cheesworth,kcheesworthe2@chron.com,Female,maestro,501823237136630563
508,Jody,Fawlo,jfawloe3@virginia.edu,Male,visa,4041591793555815
509,Ernest,Simonian,esimoniane4@dell.com,Male,diners-club-carte-blanche,30023833253517
510,Forrester,McMichell,fmcmichelle5@nih.gov,Male,solo,633491009601173615
511,Giffy,Kellert,gkellerte6@hud.gov,Male,diners-club-carte-blanche,30322072357116
512,Ashby,Lazar,alazare7@aboutads.info,Male,diners-club-carte-blanche,30483845952151
513,Dagny,Gowthorpe,dgowthorpee8@umn.edu,Genderfluid,jcb,3540614261082654
514,Sigismondo,Simoncello,ssimoncelloe9@comsenz.com,Male,solo,676723929891338538
515,Sonnie,Musgrove,smusgroveea@newsvine.com,Female,mastercard,5256452964845500
516,Hugibert,Fussey,hfusseyeb@webs.com,Male,china-unionpay,5602250074740229133
517,Issi,De Gogay,idegogayec@gravatar.com,Female,china-unionpay,560222251853186074
518,Wallache,Dufoure,wdufoureed@google.com.au,Male,mastercard,5010125036049452
519,Bo,Anelay,banelayee@symantec.com,Bigender,maestro,6304137021044516
520,Chad,Mattersey,cmatterseyef@biglobe.ne.jp,Female,jcb,3583974123131679
521,Ashton,Nancekivell,anancekivelleg@go.com,Male,jcb,3587354146671199
522,Rollins,Vermer,rvermereh@businessweek.com,Male,visa,4041598954842882
523,Emlyn,Tarr,etarrei@google.com,Female,mastercard,5399376905355329
524,Eric,Heelis,eheelisej@ca.gov,Male,mastercard,5595119960161485
525,Adams,Cardo,acardoek@unc.edu,Genderqueer,diners-club-enroute,201987866813897
526,Chas,Lighton,clightonel@google.it,Male,mastercard,5100176954899494
527,Terra,Cumberlidge,tcumberlidgeem@sitemeter.com,Female,diners-club-carte-blanche,30482363725395
528,Cob,Gaiter,cgaiteren@newyorker.com,Non-binary,instapayment,6382391699602262
529,Inger,Jurries,ijurrieseo@4shared.com,Male,diners-club-us-ca,5430426108360179
530,Tadd,Thorald,tthoraldep@arizona.edu,Male,visa-electron,4844472113548195
531,Phaedra,Brum,pbrumeq@nih.gov,Female,jcb,3571410876872114
532,Florida,Ghidelli,fghidellier@cargocollective.com,Female,jcb,3548374007676002
533,Lark,Held,lheldes@slideshare.net,Female,china-unionpay,5602258119445801249
534,Johny,Klimowicz,jklimowiczet@java.com,Male,jcb,3578434958886548
535,Hermie,Gillions,hgillionseu@prweb.com,Male,americanexpress,337941704511509
536,Miner,Le Noir,mlenoirev@amazon.co.jp,Male,jcb,3582949576755928
537,Milton,Folder,mfolderew@joomla.org,Male,mastercard,5048373842557823
538,Ignaz,Bilverstone,ibilverstoneex@msu.edu,Male,jcb,3533581571188852
539,Hyacinthie,McCome,hmccomeey@mapy.cz,Female,jcb,3560469803428864
540,Ketty,Geram,kgeramez@usgs.gov,Female,solo,6767615783357033782
541,Patsy,Kryszka,pkryszkaf0@about.me,Bigender,jcb,3558378290861947
542,Raf,Klazenga,rklazengaf1@pagesperso-orange.fr,Female,switch,4911106497758537737
543,Sarge,Karolowski,skarolowskif2@last.fm,Non-binary,visa-electron,4508027860391376
544,Kizzee,Jowitt,kjowittf3@wufoo.com,Female,diners-club-carte-blanche,30489471845650
545,Elinore,Donson,edonsonf4@mac.com,Female,visa-electron,4917033113129113
546,Emlyn,Greensitt,egreensittf5@bbb.org,Female,jcb,3582763384973783
547,Barb,MacFarlane,bmacfarlanef6@examiner.com,Female,mastercard,5215238079559775
548,Somerset,Hopkynson,shopkynsonf7@live.com,Bigender,mastercard,5002357341913912
549,Granthem,Justis,gjustisf8@nydailynews.com,Male,maestro,630474519267295038
550,Dory,Symmons,dsymmonsf9@hao123.com,Female,diners-club-carte-blanche,30416208449753
551,Ddene,Croney,dcroneyfa@devhub.com,Female,laser,630432561790164340
552,Athena,Chavrin,achavrinfb@stumbleupon.com,Female,maestro,630429193627806391
553,Penn,Lawrie,plawriefc@china.com.cn,Male,visa,4599858702081456
554,Allsun,Lippatt,alippattfd@oracle.com,Female,maestro,5018040574401571
555,Hughie,Ruckledge,hruckledgefe@tinyurl.com,Male,maestro,6763703079546299539
556,Malissia,Spinage,mspinageff@surveymonkey.com,Female,diners-club-international,36028306236265
557,Maryrose,McGiven,mmcgivenfg@behance.net,Female,jcb,3533125102508830
558,Spense,Trimme,strimmefh@wikispaces.com,Male,visa-electron,4026425574060506
559,Jenna,Duckinfield,jduckinfieldfi@homestead.com,Female,mastercard,5128399033341027
560,Timmy,Paradise,tparadisefj@ucoz.ru,Male,mastercard,5234194491181895
561,Hamish,Cockman,hcockmanfk@hugedomains.com,Male,switch,4903358002168534
562,Kaylil,Varne,kvarnefl@cyberchimps.com,Female,jcb,3534393185733308
563,Killian,Renshell,krenshellfm@qq.com,Male,jcb,3528064845104952
564,Anallise,Bilbery,abilberyfn@constantcontact.com,Female,diners-club-carte-blanche,30470199132480
565,Merrel,Geraldo,mgeraldofo@cnbc.com,Non-binary,jcb,3560320101186565
566,Samuel,Windrass,swindrassfp@oakley.com,Male,mastercard,5102177612125734
567,Sofie,Bohden,sbohdenfq@tmall.com,Female,jcb,3568941992907462
568,Whitman,Stealey,wstealeyfr@time.com,Male,jcb,3545000361791557
569,Calvin,Fane,cfanefs@multiply.com,Male,jcb,3585636042385854
570,Orville,Luxton,oluxtonft@nsw.gov.au,Agender,jcb,3571286738487576
571,Lindy,Stuchbery,lstuchberyfu@ebay.co.uk,Female,jcb,3543493411791317
572,Roma,Erat,reratfv@ted.com,Male,maestro,6304743711054962059
573,Vitia,Kimmince,vkimmincefw@uol.com.br,Female,jcb,3581258290582852
574,Chuck,Caverhill,ccaverhillfx@hao123.com,Polygender,jcb,3562318369358684
575,Durward,Abramovici,dabramovicify@blinklist.com,Male,jcb,3580037517202150
576,Shamus,Windridge,swindridgefz@geocities.jp,Genderfluid,jcb,3547387386376615
577,Gage,Redwood,gredwoodg0@sun.com,Male,bankcard,5602212975471378
578,Rheta,Handyside,rhandysideg1@about.com,Female,bankcard,5602227662108562
579,Antonella,Foro,aforog2@java.com,Female,mastercard,5048376106897819
580,Violette,Rizzolo,vrizzolog3@amazon.co.uk,Polygender,diners-club-carte-blanche,30021724159587
581,Guthrie,Lothlorien,glothlorieng4@nymag.com,Male,china-unionpay,5602213286116793
582,Erinna,Inman,einmang5@yahoo.co.jp,Female,americanexpress,374283383819679
583,Perl,Younge,pyoungeg6@fda.gov,Female,laser,6771025903863760217
584,Terrel,Hablot,thablotg7@google.pl,Male,mastercard,5002354324813722
585,Norry,Balsellie,nbalsellieg8@clickbank.net,Male,jcb,3551135036557750
586,Mace,McCritichie,mmccritichieg9@hubpages.com,Male,jcb,3535613058897289
587,Clive,McKeller,cmckellerga@example.com,Male,visa-electron,4405832915358849
588,Denna,Simonetti,dsimonettigb@is.gd,Female,jcb,3582276767372754
589,Celie,Veevers,cveeversgc@tmall.com,Female,americanexpress,372301780905289
590,Mirabelle,Rosiello,mrosiellogd@economist.com,Female,jcb,3549112189471050
591,Ashlen,Cinnamond,acinnamondge@photobucket.com,Female,visa-electron,4175007197665793
592,Nap,Leindecker,nleindeckergf@wp.com,Male,jcb,3573699496391392
593,Nathalie,Charlon,ncharlongg@earthlink.net,Female,instapayment,6394885609098731
594,Christalle,Goundrill,cgoundrillgh@census.gov,Female,mastercard,5100178832105664
595,Wally,Dacombe,wdacombegi@princeton.edu,Female,maestro,50182157192021452
596,Niels,Bloxland,nbloxlandgj@arstechnica.com,Male,maestro,5893676480288029556
597,Kenton,Fricker,kfrickergk@behance.net,Male,americanexpress,374288360688187
598,Josephina,Crookes,jcrookesgl@cdc.gov,Female,china-unionpay,5602259383164214054
599,Betsy,Rintoul,brintoulgm@wikimedia.org,Female,switch,633329691064864349
600,Stevie,Maine,smainegn@google.de,Male,jcb,3566054660068021
601,Allister,Dosdale,adosdalego@photobucket.com,Male,jcb,3547771115696932
602,Sinclair,Dumberell,sdumberellgp@mail.ru,Male,mastercard,5171590300205608
603,Lydon,Hallahan,lhallahangq@hatena.ne.jp,Male,solo,6767063651501206231
604,Hakim,Orneles,hornelesgr@epa.gov,Male,americanexpress,372301210864965
605,Frank,Osorio,fosoriogs@smh.com.au,Genderfluid,visa-electron,4917165515037963
606,Puff,Berney,pberneygt@amazonaws.com,Male,diners-club-international,36891822120739
607,Suki,Stockill,sstockillgu@jiathis.com,Female,mastercard,5108754809751573
608,Tobias,De Matteis,tdematteisgv@deviantart.com,Male,jcb,3563462847278277
609,Robbert,Flobert,rflobertgw@samsung.com,Male,jcb,3550126908099725
610,Germana,Stanwix,gstanwixgx@thetimes.co.uk,Female,visa,4477617102211
611,Aretha,Jesson,ajessongy@phpbb.com,Female,visa-electron,4913076937783254
612,Dorette,Matchell,dmatchellgz@un.org,Female,jcb,3535402427478918
613,Morgun,Haynesford,mhaynesfordh0@facebook.com,Male,switch,675970385230003030
614,Bryanty,de la Tremoille,bdelatremoilleh1@paypal.com,Male,jcb,3574588387540101
615,Benji,Vernazza,bvernazzah2@twitter.com,Male,jcb,3537471690233159
616,Larisa,McGourty,lmcgourtyh3@networkadvertising.org,Female,maestro,06048453021990488
617,Jennine,Garatty,jgarattyh4@zimbio.com,Female,mastercard,5505400410076062
618,Mill,China,mchinah5@nps.gov,Male,maestro,67612264617034773
619,Alica,Jentges,ajentgesh6@sina.com.cn,Female,jcb,3584850807106683
620,Shirlene,Maier,smaierh7@newsvine.com,Female,bankcard,5602258147300961
621,Tadio,Endricci,tendriccih8@blogs.com,Male,jcb,3586739525913058
622,Felicia,Howgate,fhowgateh9@google.es,Female,jcb,3536592315447139
623,Isaak,Fleischmann,ifleischmannha@google.cn,Male,jcb,3560609102198961
624,Eb,Kynton,ekyntonhb@disqus.com,Agender,mastercard,5007662695130228
625,Amber,MacRury,amacruryhc@wordpress.org,Genderqueer,visa,4162250521210788
626,Harley,Lenin,hleninhd@trellian.com,Female,jcb,3538427798394862
627,Oswald,Speck,ospeckhe@sohu.com,Agender,jcb,3563419237431635
628,Casie,Roskilly,croskillyhf@yahoo.co.jp,Female,china-unionpay,5602219354816792
629,Dominik,Rowswell,drowswellhg@wisc.edu,Male,bankcard,5602232544126394
630,Matt,Chislett,mchisletthh@patch.com,Male,americanexpress,343611853751303
631,Edsel,Roddie,eroddiehi@myspace.com,Male,jcb,3569836591484161
632,Dunn,Lammiman,dlammimanhj@mapquest.com,Male,solo,6767510366592879
633,Taddeo,Wynter,twynterhk@pbs.org,Male,jcb,3542133751500362
634,Arlen,Patters,apattershl@mashable.com,Female,diners-club-enroute,201498259943267
635,Vinny,Greatbatch,vgreatbatchhm@surveymonkey.com,Male,jcb,3558632011934890
636,Dido,Parren,dparrenhn@google.pl,Female,maestro,50386044039334286
637,Tome,Kelle,tkelleho@spiegel.de,Male,jcb,3559573944437487
638,Andriana,Leete,aleetehp@plala.or.jp,Female,maestro,67616852025534131
639,Blayne,Olczak,bolczakhq@i2i.jp,Male,jcb,3546812048965464
640,Carroll,Messingham,cmessinghamhr@wired.com,Female,bankcard,5602240367052761
641,Betty,Simion,bsimionhs@epa.gov,Female,switch,4905124082559557975
642,Iormina,Font,ifontht@nba.com,Female,bankcard,5602237443249437
643,Ramona,Quirk,rquirkhu@alexa.com,Non-binary,jcb,3578927806960514
644,Ruperto,Clashe,rclashehv@home.pl,Male,maestro,5893351066744141
645,Shauna,Belcher,sbelcherhw@miibeian.gov.cn,Female,maestro,5018483305146711854
646,Tobi,Sibly,tsiblyhx@tuttocitta.it,Female,jcb,3585210220886164
647,Gonzalo,Kobpac,gkobpachy@yellowpages.com,Male,jcb,3543869080201649
648,Tomasine,Leber,tleberhz@comsenz.com,Female,americanexpress,337941888263315
649,Cassandry,Weatherley,cweatherleyi0@jiathis.com,Bigender,visa-electron,4175006486992595
650,Arleen,Sogg,asoggi1@oracle.com,Female,mastercard,5010120425759647
651,Gualterio,Capaldo,gcapaldoi2@opensource.org,Male,diners-club-carte-blanche,30440282575366
652,Job,Willox,jwilloxi3@example.com,Male,bankcard,5602229423077250
653,Lucas,Snyder,lsnyderi4@webmd.com,Male,visa,4041371126980794
654,Any,Mellem,amellemi5@furl.net,Genderqueer,jcb,3549987267092682
655,Lyle,Cothey,lcotheyi6@sourceforge.net,Male,jcb,3529332279715356
656,Allen,Winfindale,awinfindalei7@adobe.com,Agender,diners-club-enroute,201642403010040
657,Fay,Wisham,fwishami8@arstechnica.com,Female,jcb,3540227573736576
658,Zsazsa,Ashton,zashtoni9@phpbb.com,Female,maestro,50188713256912384
659,Hollie,Ruddock,hruddockia@usatoday.com,Female,visa,4041590126247702
660,Chen,Yarrell,cyarrellib@163.com,Male,jcb,3544445357202906
661,Conroy,Huitson,chuitsonic@fastcompany.com,Male,jcb,3567950614545148
662,Evan,MacPeake,emacpeakeid@unblog.fr,Male,diners-club-enroute,201510155406668
663,Bevin,Rotherham,brotherhamie@mtv.com,Male,visa,4676301025220
664,Bevin,Hartegan,bharteganif@tripod.com,Male,diners-club-enroute,201484808424082
665,Marsh,Audiss,maudissig@cbsnews.com,Male,jcb,3528429194931778
666,Cary,Slot,cslotih@netlog.com,Male,jcb,3574004866155262
667,Gerhardt,Wigglesworth,gwigglesworthii@princeton.edu,Male,jcb,3546447621716149
668,Jodi,Beaument,jbeaumentij@unesco.org,Bigender,jcb,3575796336008554
669,Laverne,Britnell,lbritnellik@myspace.com,Female,jcb,3540219029287650
670,Delly,Fain,dfainil@spotify.com,Female,americanexpress,348420518173480
671,Heywood,Rivel,hrivelim@huffingtonpost.com,Male,diners-club-international,36671816342410
672,Clyve,Filan,cfilanin@usgs.gov,Male,maestro,060402894733767705
673,Rodie,Meron,rmeronio@yolasite.com,Female,jcb,3580890403245877
674,Alexandr,Stoak,astoakip@amazon.co.jp,Male,maestro,67637019218402378
675,Grannie,Spawforth,gspawforthiq@npr.org,Male,jcb,3550240983040122
676,Dix,Kiddie,dkiddieir@csmonitor.com,Female,jcb,3586890449380864
677,Clementina,Balden,cbaldenis@discovery.com,Female,jcb,3576042541201778
678,Carlina,Stidson,cstidsonit@unblog.fr,Female,americanexpress,374288860517316
679,Sean,Fonquernie,sfonquernieiu@woothemes.com,Male,switch,6333876312493339
680,Marquita,Ralphs,mralphsiv@topsy.com,Female,maestro,6761586136180583788
681,Herby,Parzis,hparzisiw@admin.ch,Male,diners-club-enroute,201778612522902
682,Bertina,Thacker,bthackerix@tuttocitta.it,Female,jcb,3574142108705187
683,Hastings,Howel,hhoweliy@jiathis.com,Male,jcb,3544782848397295
684,Kermy,Denisyev,kdenisyeviz@latimes.com,Male,bankcard,5602248059619599
685,Esra,Petran,epetranj0@surveymonkey.com,Agender,diners-club-us-ca,5509925590095447
686,Glenn,Reuben,greubenj1@tuttocitta.it,Male,jcb,3536841010165268
687,Michele,Almey,malmeyj2@google.co.jp,Male,americanexpress,337941240875244
688,Dolly,Mitkcov,dmitkcovj3@facebook.com,Female,visa-electron,4405232960951673
689,Marsiella,Redhouse,mredhousej4@cbc.ca,Agender,china-unionpay,56022386481090651
690,Corine,Asplen,casplenj5@prlog.org,Female,diners-club-enroute,201541323841387
691,Freedman,De Malchar,fdemalcharj6@techcrunch.com,Male,jcb,3536934401415093
692,Corene,Markus,cmarkusj7@ucla.edu,Female,mastercard,5594296841611226
693,Jule,Theurer,jtheurerj8@scribd.com,Male,mastercard,5100174968354747
694,Meir,Melledy,mmelledyj9@instagram.com,Male,switch,6331105600291292
695,Hamnet,Golden,hgoldenja@java.com,Male,jcb,3544579497102640
696,Barnie,Doncom,bdoncomjb@hugedomains.com,Male,jcb,3568106322334270
697,Brigitte,Eisikovitsh,beisikovitshjc@springer.com,Female,switch,6333219824948696629
698,Tomlin,Crockley,tcrockleyjd@blog.com,Male,diners-club-enroute,201825450528861
699,Kristoforo,MacKaile,kmackaileje@netlog.com,Male,jcb,3555203950794936
700,Davis,Flipek,dflipekjf@dell.com,Male,switch,6333228215431996916
701,Barris,Bradane,bbradanejg@gnu.org,Male,bankcard,5602254656418492
702,Lilla,Broster,lbrosterjh@ning.com,Female,switch,633110918419292857
703,Faye,Finlry,ffinlryji@npr.org,Female,jcb,3554468060455451
704,Jimmy,Grumble,jgrumblejj@plala.or.jp,Male,jcb,3574540540864464
705,Katheryn,Mulles,kmullesjk@ovh.net,Agender,instapayment,6390341359184564
706,Leela,Pridham,lpridhamjl@hexun.com,Female,switch,633110329833768953
707,Rozamond,Scholig,rscholigjm@imdb.com,Female,china-unionpay,56022177566999076
708,Borden,Robez,brobezjn@ning.com,Male,diners-club-carte-blanche,30534211979119
709,Michele,Normansell,mnormanselljo@state.gov,Male,mastercard,5112910731424002
710,Zedekiah,Pengilley,zpengilleyjp@skyrock.com,Male,maestro,502091468247032216
711,Brandyn,Mabey,bmabeyjq@geocities.jp,Male,jcb,3575440144432058
712,Tatiana,Kleen,tkleenjr@howstuffworks.com,Female,jcb,3585264811530582
713,Lindie,Borsnall,lborsnalljs@wikipedia.org,Female,mastercard,5100170556867090
714,Norry,Ackhurst,nackhurstjt@biglobe.ne.jp,Male,jcb,3558689228178919
715,Eduino,Esel,eeselju@wisc.edu,Male,americanexpress,374283203950894
716,Pip,Gebbe,pgebbejv@prlog.org,Bigender,americanexpress,372301015953617
717,Josi,Hatliff,jhatliffjw@yahoo.co.jp,Female,jcb,3540451323373445
718,Cullan,Lindop,clindopjx@nytimes.com,Male,laser,6709072089984215
719,Chadwick,Clissett,cclissettjy@deliciousdays.com,Bigender,mastercard,5139928459598046
720,Charil,Wyld,cwyldjz@alibaba.com,Female,jcb,3568488963132761
721,Auberon,Margett,amargettk0@miibeian.gov.cn,Male,maestro,6761994450506520671
722,Pyotr,Pech,ppechk1@nih.gov,Male,diners-club-enroute,201563917472502
723,Dosi,Benettini,dbenettinik2@example.com,Female,visa-electron,4405363577115053
724,Armin,Phizackerly,aphizackerlyk3@infoseek.co.jp,Male,china-unionpay,5610813208315231
725,Charlena,Eymor,ceymork4@mayoclinic.com,Female,diners-club-enroute,201884609432863
726,Jemimah,Holyard,jholyardk5@lycos.com,Female,jcb,3536190869038188
727,Roarke,Culwen,rculwenk6@youtube.com,Male,jcb,3559236191475184
728,Ethelda,Wychard,ewychardk7@multiply.com,Female,jcb,3559639377507235
729,Othilie,Bigglestone,obigglestonek8@youku.com,Female,visa-electron,4175006441665310
730,Karlene,Ricardot,kricardotk9@sourceforge.net,Bigender,jcb,3551830782213471
731,Bengt,Baxter,bbaxterka@va.gov,Male,jcb,3589786271557446
732,Reece,Cutchee,rcutcheekb@irs.gov,Male,jcb,3579319562532563
733,Carr,Anten,cantenkc@washingtonpost.com,Male,jcb,3543169500087359
734,Torey,Gudge,tgudgekd@altervista.org,Male,jcb,3556089906977710
735,Rad,McCroft,rmccroftke@un.org,Male,jcb,3583707747372265
736,Denice,Fairhead,dfairheadkf@ustream.tv,Female,jcb,3554394199502957
737,Teodorico,Straffon,tstraffonkg@census.gov,Male,switch,490579253000742485
738,Domenico,Fortune,dfortunekh@last.fm,Male,jcb,3576166110132690
739,Stormie,McLeese,smcleeseki@amazon.de,Genderfluid,jcb,3585704894630429
740,Joly,Prestwich,jprestwichkj@va.gov,Bigender,jcb,3574672150545891
741,Becky,Amoss,bamosskk@loc.gov,Female,jcb,3544805907448400
742,Mattie,Tant,mtantkl@bizjournals.com,Male,laser,63042716926345728
743,Kristoforo,Nussgen,knussgenkm@noaa.gov,Male,jcb,3540286361279447
744,Peg,Van den Velde,pvandenveldekn@ow.ly,Female,solo,6767657438999622
745,Annecorinne,Klimentov,aklimentovko@squarespace.com,Female,mastercard,5279085420919015
746,Carling,Aldrin,caldrinkp@t-online.de,Male,laser,6304612635170955515
747,Norri,Profit,nprofitkq@trellian.com,Genderfluid,diners-club-carte-blanche,30059233838804
748,Donavon,Eccersley,deccersleykr@squidoo.com,Male,jcb,3569227324413018
749,Babette,Karpf,bkarpfks@surveymonkey.com,Female,jcb,3584622412180175
750,Lauri,Reinard,lreinardkt@furl.net,Female,maestro,67599754719266262
751,Joseito,Lardiner,jlardinerku@ucoz.com,Male,jcb,3537053802518758
752,Sherwynd,Kobpal,skobpalkv@typepad.com,Male,jcb,3588442673866149
753,Nicole,Frediani,nfredianikw@wikispaces.com,Genderqueer,mastercard,5100171473677935
754,Erny,Drinkel,edrinkelkx@foxnews.com,Male,jcb,3561754355684512
755,Kristofor,Pencott,kpencottky@un.org,Male,diners-club-carte-blanche,30055638275659
756,Yolanda,Ateggart,yateggartkz@themeforest.net,Female,americanexpress,337941225018059
757,Jacklyn,Bonett,jbonettl0@sakura.ne.jp,Genderqueer,switch,4905782554565615
758,Mattie,Woodson,mwoodsonl1@paypal.com,Male,visa,4474372985994518
759,Orin,Manders,omandersl2@redcross.org,Male,jcb,3544751754528409
760,Cammie,Scohier,cscohierl3@mayoclinic.com,Female,visa-electron,4026727497054007
761,Kippie,Sealy,ksealyl4@businesswire.com,Male,diners-club-us-ca,5536417777867340
762,Nickey,Dyos,ndyosl5@mediafire.com,Non-binary,jcb,3557757366232805
763,Nanon,Honeywood,nhoneywoodl6@cpanel.net,Female,switch,5641829857245886
764,Aube,Hovy,ahovyl7@wikispaces.com,Male,mastercard,5108756802281409
765,Irvin,Tofts,itoftsl8@webs.com,Male,visa-electron,4913112435009569
766,Maddi,Harland,mharlandl9@cocolog-nifty.com,Female,jcb,3559001391065684
767,Bren,Sarton,bsartonla@oracle.com,Male,jcb,3531141908957438
768,Lory,Gomme,lgommelb@disqus.com,Female,mastercard,5002354594648949
769,Eugenie,Puzey,epuzeylc@hugedomains.com,Female,maestro,6763509232967806
770,Casper,Benkin,cbenkinld@goo.gl,Male,americanexpress,371152590553442
771,Giffie,Millhill,gmillhillle@youku.com,Male,china-unionpay,5602219924945881
772,Willis,Barock,wbarocklf@nydailynews.com,Male,jcb,3586837542638029
773,Gayelord,Keher,gkeherlg@soundcloud.com,Male,china-unionpay,560224562899828810
774,Moshe,Gerlts,mgerltslh@artisteer.com,Male,laser,6709856519096304278
775,Bail,Cowderoy,bcowderoyli@123-reg.co.uk,Male,laser,67090677709081496
776,Evangelina,Wigfield,ewigfieldlj@hibu.com,Female,visa,4017950915052327
777,Atalanta,Sprigg,asprigglk@alibaba.com,Female,jcb,3570823522553857
778,Ethe,Atkyns,eatkynsll@t.co,Male,jcb,3536211473501567
779,Emmet,Scuffham,escuffhamlm@chronoengine.com,Polygender,mastercard,5010123792544501
780,Frances,Doram,fdoramln@wsj.com,Female,jcb,3569378342251078
781,Dolores,Regardsoe,dregardsoelo@sbwire.com,Female,diners-club-carte-blanche,30092055110952
782,Hi,Lavallie,hlavallielp@answers.com,Male,switch,6333921059150773
783,Natasha,Blaiklock,nblaiklocklq@usa.gov,Female,jcb,3532032059880769
784,Ernest,Knight,eknightlr@constantcontact.com,Male,mastercard,5161304600997969
785,Merwin,Petrasek,mpetrasekls@thetimes.co.uk,Agender,jcb,3583511126542856
786,Malvin,Lukock,mlukocklt@sbwire.com,Male,bankcard,5602227276782422
787,Charis,Gavey,cgaveylu@nba.com,Female,americanexpress,337941423756807
788,Carmina,Etridge,cetridgelv@nationalgeographic.com,Female,laser,6709271325020145
789,Derek,Dufall,ddufalllw@imageshack.us,Male,mastercard,5007666839284148
790,Robenia,Ivakhnov,rivakhnovlx@creativecommons.org,Female,visa-electron,4026434275272014
791,Markus,Bloxholm,mbloxholmly@feedburner.com,Male,mastercard,5100177387177599
792,Ranna,Bythell,rbythelllz@barnesandnoble.com,Female,jcb,3572503781715201
793,Sean,Schoenfisch,sschoenfischm0@elegantthemes.com,Male,bankcard,5602239706090615
794,Gwen,Pickover,gpickoverm1@photobucket.com,Female,jcb,3587460055621594
795,Leona,Greenstead,lgreensteadm2@loc.gov,Female,jcb,3540340908263230
796,Tess,Lydall,tlydallm3@ask.com,Female,mastercard,5007667421290659
797,Ellsworth,Havoc,ehavocm4@spotify.com,Male,jcb,3540940249000843
798,Hugues,Schmidt,hschmidtm5@bravesites.com,Male,china-unionpay,5610602850032636830
799,Elladine,Fanshaw,efanshawm6@is.gd,Female,china-unionpay,561077537404214116
800,Yorgo,Oluwatoyin,yoluwatoyinm7@mysql.com,Male,visa-electron,4405327111420238
801,Cris,Westcot,cwestcotm8@altervista.org,Bigender,mastercard,5007666175237452
802,Rachael,Sleeford,rsleefordm9@mit.edu,Female,diners-club-enroute,201896511520288
803,Devlin,Haffard,dhaffardma@state.gov,Male,jcb,3589387558538363
804,Hersch,Fairlamb,hfairlambmb@istockphoto.com,Male,jcb,3579088816143515
805,Karlotte,Somerset,ksomersetmc@51.la,Non-binary,switch,4903312528608333
806,Viviyan,Kaas,vkaasmd@uiuc.edu,Female,jcb,3578111683454046
807,Anitra,Fevers,afeversme@icio.us,Female,solo,6334804125462019
808,Rutter,Skeech,rskeechmf@opensource.org,Male,jcb,3560892639293170
809,Jessamine,Navarre,jnavarremg@wunderground.com,Female,visa-electron,4175002082452324
810,Constantine,Duggen,cduggenmh@bizjournals.com,Female,switch,633110776888616075
811,Mozelle,McCluney,mmccluneymi@cyberchimps.com,Female,jcb,3574067165730945
812,Juliane,Dominico,jdominicomj@mysql.com,Female,jcb,3555547993323735
813,Garey,Sandal,gsandalmk@edublogs.org,Male,maestro,5893035956364116
814,Kendall,Splaven,ksplavenml@wisc.edu,Male,jcb,3537722780560939
815,Cyndie,Napper,cnappermm@ucsd.edu,Female,visa-electron,4026581561351264
816,Bartie,Kibard,bkibardmn@redcross.org,Male,jcb,3532167106546342
817,Harriet,Lalevee,hlaleveemo@loc.gov,Female,switch,4911072055434152
818,Johannes,Kless,jklessmp@last.fm,Male,diners-club-carte-blanche,30052328810937
819,Zolly,Malarkey,zmalarkeymq@altervista.org,Male,jcb,3557578278608142
820,Briggs,Coleshill,bcoleshillmr@imageshack.us,Male,jcb,3552294420040284
821,Constantine,Sears,csearsms@unc.edu,Female,mastercard,5048377255629375
822,Benjy,Ghirardi,bghirardimt@dedecms.com,Non-binary,jcb,3532547827677973
823,Kakalina,Coslitt,kcoslittmu@xrea.com,Female,switch,6333946690352595
824,Alan,Milmoe,amilmoemv@toplist.cz,Male,switch,6759927203816854645
825,Andrei,Marians,amariansmw@github.com,Female,switch,4936444533210895996
826,Chandler,Andrasch,candraschmx@exblog.jp,Male,jcb,3544723250439993
827,Thorny,Marchent,tmarchentmy@latimes.com,Male,laser,6771579059035475471
828,Vito,Dunkerton,vdunkertonmz@themeforest.net,Male,jcb,3586276485541868
829,Faith,Bellwood,fbellwoodn0@cocolog-nifty.com,Female,laser,67091380659925734
830,Mela,Pohl,mpohln1@gnu.org,Female,laser,6709075172342281307
831,Analiese,Graffin,agraffinn2@hugedomains.com,Female,jcb,3562765014523973
832,Iormina,Thormwell,ithormwelln3@google.com.br,Female,jcb,3537905285764847
833,Val,Mulrenan,vmulrenann4@booking.com,Female,maestro,67610875721992440
834,Theobald,Riche,trichen5@about.me,Male,visa,4041599684776
835,Augusto,Viscovi,aviscovin6@jiathis.com,Male,visa-electron,4844519971646154
836,Franky,Stoade,fstoaden7@naver.com,Male,diners-club-carte-blanche,30454694843833
837,Nikki,Girvan,ngirvann8@omniture.com,Female,jcb,3556344148888922
838,Cori,Arderne,cardernen9@ovh.net,Male,bankcard,5602230258184955
839,Fianna,Whatley,fwhatleyna@163.com,Female,maestro,5018015961183034399
840,Corilla,Garrigan,cgarrigannb@weibo.com,Female,jcb,3569014422679355
841,Hadrian,Skoof,hskoofnc@google.es,Male,switch,4905311103732416021
842,Lanita,Piet,lpietnd@mit.edu,Female,visa-electron,4844414664098634
843,Frasco,Rowsel,frowselne@prweb.com,Male,jcb,3556161035536517
844,Toby,Meert,tmeertnf@slashdot.org,Male,jcb,3539815896881138
845,Hastie,Skitterel,hskitterelng@foxnews.com,Male,jcb,3573198553707178
846,Jazmin,Strodder,jstroddernh@yellowpages.com,Genderqueer,china-unionpay,56022294948959338
847,Gerry,Davenhall,gdavenhallni@typepad.com,Female,jcb,3528468238291765
848,Bathsheba,Vellden,bvelldennj@freewebs.com,Female,jcb,3567474253348748
849,Lemar,Ticehurst,lticehurstnk@google.co.uk,Genderfluid,mastercard,5100138513432191
850,Henry,Stubbington,hstubbingtonnl@cafepress.com,Male,maestro,5018429188552820527
851,Natale,Ledekker,nledekkernm@qq.com,Male,diners-club-international,36147110652598
852,Perry,Birchenough,pbirchenoughnn@usa.gov,Male,jcb,3583673128789487
853,Jolene,Shevlane,jshevlaneno@delicious.com,Female,maestro,589356002699085914
854,Parrnell,Dear,pdearnp@ovh.net,Male,mastercard,5002355412361169
855,Hildagard,Pleace,hpleacenq@jimdo.com,Female,jcb,3548529680754281
856,Pegeen,Di Pietro,pdipietronr@ibm.com,Female,jcb,3583420491538434
857,Byran,Limbert,blimbertns@over-blog.com,Male,jcb,3546183537016825
858,Mikel,Gary,mgarynt@uiuc.edu,Male,americanexpress,374283997958962
859,Earl,Munsey,emunseynu@indiatimes.com,Male,instapayment,6383977416934969
860,Annalee,Bendell,abendellnv@twitter.com,Female,jcb,3561790188969787
861,Kendricks,Poulson,kpoulsonnw@vinaora.com,Male,jcb,3579660146864158
862,Ryan,Aseef,raseefnx@soup.io,Male,jcb,3577925388788031
863,Perceval,Panswick,ppanswickny@miitbeian.gov.cn,Male,bankcard,5602230168792392
864,Tildy,McGiff,tmcgiffnz@constantcontact.com,Female,diners-club-carte-blanche,30062839273525
865,Polly,Deveral,pdeveralo0@whitehouse.gov,Female,solo,633423616098747306
866,Marianne,Mellsop,mmellsopo1@aol.com,Female,solo,6767391664160697
867,Gay,Shemmin,gshemmino2@cbslocal.com,Female,bankcard,5610993171661090
868,Felicdad,Bercevelo,fberceveloo3@hhs.gov,Female,jcb,3569928618669427
869,Gabriellia,Rake,grakeo4@shareasale.com,Genderfluid,americanexpress,345155855271389
870,Lynnett,Viccary,lviccaryo5@huffingtonpost.com,Female,jcb,3547765508361187
871,Dominik,Cooch,dcoocho6@t-online.de,Male,jcb,3561757805015385
872,Heinrik,Biggins,hbigginso7@hugedomains.com,Male,diners-club-carte-blanche,30331287507480
873,Galen,Gresch,ggrescho8@com.com,Male,visa-electron,4508408126734627
874,Shandeigh,Ciubutaro,sciubutaroo9@wordpress.com,Female,jcb,3569593284070035
875,Madonna,Tchir,mtchiroa@fotki.com,Female,switch,6759874886591039
876,Tersina,Aguirre,taguirreob@printfriendly.com,Female,diners-club-carte-blanche,30139866230279
877,Sherwin,Garr,sgarroc@utexas.edu,Male,diners-club-enroute,201796862666971
878,Charleen,Ebden,cebdenod@1688.com,Female,jcb,3538474966200042
879,Verla,Hodge,vhodgeoe@msu.edu,Female,jcb,3554320214751535
880,Nadine,Kettel,nkettelof@cnn.com,Female,jcb,3586306771774376
881,Euell,Essery,eesseryog@microsoft.com,Male,jcb,3530752716735047
882,Bendick,Varran,bvarranoh@soup.io,Male,mastercard,5311320997719724
883,Demetre,Devorill,ddevorilloi@blogtalkradio.com,Male,diners-club-enroute,201779597204003
884,Zared,Jzhakov,zjzhakovoj@newsvine.com,Male,mastercard,5007668780546574
885,Nolie,Ingold,ningoldok@cyberchimps.com,Female,visa,4041375772548
886,Ole,Corkish,ocorkishol@wikipedia.org,Male,visa,4041594837073613
887,Cleavland,Inch,cinchom@blogger.com,Male,mastercard,5002351793452016
888,Ellissa,Lebbern,elebbernon@mayoclinic.com,Female,mastercard,5007669508052838
889,Karilynn,Staniforth,kstaniforthoo@livejournal.com,Genderfluid,china-unionpay,56022339570489748
890,Onofredo,Darrigone,odarrigoneop@google.com.br,Genderfluid,visa,4041370450934
891,Herbert,Ridhole,hridholeoq@netvibes.com,Male,jcb,3534654885999253
892,Barney,Badsworth,bbadsworthor@sphinn.com,Male,laser,6771970243751615784
893,Maryrose,Crowche,mcrowcheos@over-blog.com,Female,diners-club-international,36539503832581
894,Rossie,Trueman,rtruemanot@woothemes.com,Male,jcb,3571164137019375
895,Cull,Jacobowicz,cjacobowiczou@devhub.com,Male,jcb,3560124684111218
896,Eldin,Harsent,eharsentov@ow.ly,Male,jcb,3569453831783756
897,Crystie,Pickvance,cpickvanceow@netlog.com,Female,jcb,3541864019313369
898,Shannen,Rudolfer,srudolferox@ted.com,Female,bankcard,5602244552329364
899,Alaster,Kroon,akroonoy@youtu.be,Male,jcb,3553476414751344
900,Della,Koenen,dkoenenoz@adobe.com,Female,diners-club-enroute,201873846264239
901,Rosmunda,Worge,rworgep0@harvard.edu,Female,jcb,3570474081106685
902,Hale,Mohammad,hmohammadp1@moonfruit.com,Male,jcb,3589789199647604
903,Vincents,Burgyn,vburgynp2@twitpic.com,Male,visa-electron,4844291988859192
904,Yanaton,Heeley,yheeleyp3@digg.com,Male,maestro,5018063986258795351
905,Lezley,Redmire,lredmirep4@edublogs.org,Male,jcb,3540143239899742
906,Mason,Lenchenko,mlenchenkop5@mtv.com,Male,maestro,5038643168913319
907,Cicily,Pepineaux,cpepineauxp6@livejournal.com,Female,mastercard,5144886440426813
908,Anny,Marklew,amarklewp7@shareasale.com,Female,americanexpress,372301464347592
909,Dolorita,Perschke,dperschkep8@tiny.cc,Female,diners-club-enroute,201774117810991
910,Eben,Gittose,egittosep9@example.com,Male,jcb,3583336819901650
911,Yancey,Akers,yakerspa@deviantart.com,Male,jcb,3531317161006069
912,Agace,Grishukov,agrishukovpb@howstuffworks.com,Female,jcb,3565085867818199
913,Forrester,McGrorty,fmcgrortypc@washington.edu,Male,jcb,3553851184688662
914,Godard,Kleynermans,gkleynermanspd@tinyurl.com,Male,switch,6759716570648825
915,Tedd,Ingliby,tinglibype@usgs.gov,Male,diners-club-carte-blanche,30506782109987
916,Dennison,Calafato,dcalafatopf@nytimes.com,Male,jcb,3583100571565131
917,Eileen,Runham,erunhampg@quantcast.com,Female,bankcard,5610006152586630
918,Gale,Kulvear,gkulvearph@merriam-webster.com,Female,switch,6759363523836505633
919,Sander,de Mullett,sdemullettpi@indiatimes.com,Male,laser,67064010802300005
920,Asa,Klassmann,aklassmannpj@zdnet.com,Male,jcb,3560174224078062
921,Jolynn,Schouthede,jschouthedepk@hibu.com,Agender,china-unionpay,56107091338662755
922,Jenny,Deport,jdeportpl@homestead.com,Female,jcb,3531246586069784
923,Anastasia,Elmes,aelmespm@people.com.cn,Female,visa-electron,4844606461075935
924,Denys,Jotcham,djotchampn@hao123.com,Male,americanexpress,374288457980067
925,Darline,Yateman,dyatemanpo@cbsnews.com,Female,visa-electron,4026574606096549
926,Bradly,Orbon,borbonpp@paginegialle.it,Male,jcb,3580794403563265
927,Rosalia,Wallwood,rwallwoodpq@cnn.com,Female,diners-club-international,36123847030788
928,Buffy,Tirone,btironepr@google.es,Female,switch,4911122453819403
929,Magdalene,Mignot,mmignotps@ted.com,Female,jcb,3575864706875711
930,Shalne,Josephov,sjosephovpt@si.edu,Genderqueer,jcb,3546854114956316
931,Ralina,Huzzay,rhuzzaypu@privacy.gov.au,Female,maestro,503844873532887893
932,Diarmid,Gillitt,dgillittpv@ucoz.ru,Male,jcb,3534557206116517
933,Lisette,Kingwell,lkingwellpw@devhub.com,Female,mastercard,5002359275313887
934,Bettine,Vial,bvialpx@desdev.cn,Female,instapayment,6394146477502936
935,Derrek,Bathurst,dbathurstpy@rakuten.co.jp,Male,mastercard,5010122867062878
936,Dunn,Dellenbroker,ddellenbrokerpz@prlog.org,Male,jcb,3546292025575265
937,Ramsey,Gronno,rgronnoq0@alibaba.com,Male,maestro,67627916315232487
938,Kyle,Spurnier,kspurnierq1@prnewswire.com,Male,mastercard,5451261789198224
939,Corinne,MacCallum,cmaccallumq2@w3.org,Female,bankcard,5602222575155644
940,Kirk,Sealeaf,ksealeafq3@tuttocitta.it,Male,jcb,3580603493350618
941,Wendye,Sollars,wsollarsq4@ihg.com,Female,maestro,501865698658511938
942,Dalston,Walburn,dwalburnq5@list-manage.com,Male,jcb,3549676777793042
943,Mathew,Wisham,mwishamq6@dyndns.org,Male,mastercard,5007664697819717
944,Hetti,Mitchelhill,hmitchelhillq7@ocn.ne.jp,Female,instapayment,6395142165587460
945,Bernette,Woodcroft,bwoodcroftq8@admin.ch,Female,china-unionpay,560224231826419750
946,Aurora,Rohloff,arohloffq9@cmu.edu,Female,diners-club-international,36046973379093
947,Jean,McGreal,jmcgrealqa@dot.gov,Female,americanexpress,337941951859783
948,Tiebold,Hoyes,thoyesqb@twitpic.com,Male,americanexpress,347214589170330
949,Misti,Beminster,mbeminsterqc@nps.gov,Female,laser,67060574389634916
950,Jessamyn,Winfrey,jwinfreyqd@mapy.cz,Female,jcb,3584597845206625
951,Angelika,Iffe,aiffeqe@techcrunch.com,Female,jcb,3567049118728233
952,Mickie,Ales,malesqf@live.com,Male,jcb,3528013053067898
953,Marne,McGowan,mmcgowanqg@dailymail.co.uk,Female,jcb,3551655533206643
954,Flemming,Epgrave,fepgraveqh@unesco.org,Male,jcb,3550640732541819
955,Dore,Teulier,dteulierqi@etsy.com,Male,mastercard,5161153925370836
956,Parke,Loch,plochqj@xrea.com,Male,jcb,3553166451502003
957,Gavin,Browell,gbrowellqk@ow.ly,Male,jcb,3542629228499419
958,Trstram,Bikker,tbikkerql@washingtonpost.com,Male,mastercard,5108755572865037
959,Adoree,Rieme,ariemeqm@multiply.com,Agender,jcb,3529712931302810
960,Windham,Wardlaw,wwardlawqn@engadget.com,Male,jcb,3533569929679722
961,Suzanna,Rodgers,srodgersqo@hp.com,Female,jcb,3539496303259042
962,Forrest,Cleft,fcleftqp@utexas.edu,Male,jcb,3589534851928946
963,Trina,Verry,tverryqq@imdb.com,Female,maestro,6759142039517081
964,Aleksandr,Giovannilli,agiovannilliqr@github.io,Male,switch,4905703931703755423
965,Angelita,Penwright,apenwrightqs@etsy.com,Female,jcb,3557037518780955
966,Tris,MacGuigan,tmacguiganqt@hubpages.com,Male,jcb,3553986774092071
967,Roslyn,Bocock,rbocockqu@usnews.com,Female,jcb,3538586154801651
968,Berky,Cholton,bcholtonqv@cpanel.net,Male,jcb,3544289915736447
969,Christyna,Coraini,ccorainiqw@technorati.com,Female,mastercard,5190345640834899
970,Bondon,Van Merwe,bvanmerweqx@tiny.cc,Male,china-unionpay,5610678930561987702
971,Luciano,Castelow,lcastelowqy@flavors.me,Bigender,jcb,3578197753103605
972,Darya,Ratazzi,dratazziqz@jiathis.com,Female,switch,6331101776812367
973,Shane,Torresi,storresir0@imgur.com,Female,americanexpress,349370881251711
974,Heather,Hevner,hhevnerr1@gnu.org,Female,jcb,3588976401956144
975,Megan,Boardman,mboardmanr2@loc.gov,Female,maestro,503874369877878210
976,Forster,Helsdon,fhelsdonr3@woothemes.com,Genderfluid,jcb,3578213082278552
977,Lenka,Garrould,lgarrouldr4@globo.com,Female,jcb,3588662917950314
978,Ellwood,Budd,ebuddr5@quantcast.com,Male,visa-electron,4844063764479150
979,Vanni,Gillani,vgillanir6@youtube.com,Female,jcb,3571161165358964
980,Leda,Blacksland,lblackslandr7@mapquest.com,Female,jcb,3535146311532997
981,Sarene,Deavall,sdeavallr8@epa.gov,Genderqueer,visa-electron,4026901148127294
982,Andris,Liepina,aliepinar9@hc360.com,Male,jcb,3564924446377007
983,Lissie,Oxbrough,loxbroughra@blinklist.com,Female,jcb,3556183961377187
984,Martina,McReidy,mmcreidyrb@storify.com,Female,diners-club-us-ca,5561633506884525
985,De,Skupinski,dskupinskirc@quantcast.com,Non-binary,diners-club-enroute,201985342330114
986,Benjy,Grestye,bgrestyerd@desdev.cn,Male,switch,6333439235013328
987,Ranee,Labb,rlabbre@thetimes.co.uk,Genderfluid,mastercard,5007664392305129
988,Olimpia,Maes,omaesrf@twitpic.com,Female,jcb,3548663973915968
989,Elfrida,Blencoe,eblencoerg@cyberchimps.com,Female,laser,6771509906499768558
990,Bellanca,Teasell,bteasellrh@ucoz.com,Female,americanexpress,374622500880066
991,Allin,Walton,awaltonri@mapy.cz,Male,switch,4905736898012411
992,Bruno,McEntegart,bmcentegartrj@senate.gov,Male,mastercard,5100372972669361
993,Tracey,Scown,tscownrk@oaic.gov.au,Male,switch,564182309188615637
994,Ilka,Clementson,iclementsonrl@freewebs.com,Female,visa,4017956803827787
995,Shalne,Semour,ssemourrm@csmonitor.com,Female,diners-club-carte-blanche,30389807481115
996,Wallache,Peacocke,wpeacockern@wordpress.org,Male,jcb,3552213133964804
997,Sula,Schutter,sschutterro@seattletimes.com,Female,jcb,3584983323259981
998,Elroy,Leonida,eleonidarp@yandex.ru,Male,diners-club-carte-blanche,30513806138091
999,Mikel,Slate,mslaterq@51.la,Male,jcb,3584708222937175
1000,Weidar,Cordrey,wcordreyrr@furl.net,Male,americanexpress,370474339454398
